{
  "name": "angular-masonry",
  "description": "An AngularJS directive for Masonry.",
  "version": "0.7.0",
  "main": "./angular-masonry.js",
  "ignore": [
    "**/.*",
    "node_modules",
    "bower_components",
    "test",
    "src",
    "*.min.js",
    "*.conf.js",
    "*.html",
    "Gruntfile.js",
    "package.json"
  ],
  "dependencies": {
    "masonry": "~3.1.0",
    "angular": "~1.2.0",
    "jquery": "~2.0.3",
    "imagesloaded": "~3.0.1"
  },
  "devDependencies": {
    "angular-mocks": "~1.2.0",
    "sinonjs": "~1.7.1",
    "jasmine-sinon": "~0.3.0"
  },
  "homepage": "https://github.com/passy/angular-masonry",
  "_release": "0.7.0",
  "_resolution": {
    "type": "version",
    "tag": "v0.7.0",
    "commit": "3339a89ce8a496785b8a0e8815e7994b355d70f6"
  },
  "_source": "git://github.com/passy/angular-masonry.git",
  "_target": "~0.7.0",
  "_originalSource": "angular-masonry",
  "_direct": true
}